"ResourceID","Title","FileName","Category","Subcategory","RelativePath","SizeMB","Extension"
"RES-001","ShellScripting (2)","ShellScripting (2).pdf","02_LINUX","Bash","02_LINUX\Bash\ShellScripting (2).pdf","0.94",".pdf"
"RES-002","Kali GPT_ Your New Offensive Security Wingman 🐉🔥","Kali GPT_ Your New Offensive Security Wingman 🐉🔥.pdf","02_LINUX","Kali_Linux","02_LINUX\Kali_Linux\Kali GPT_ Your New Offensive Security Wingman 🐉🔥.pdf","0.05",".pdf"
"RES-003","KALI LINUX","KALI LINUX.pdf","02_LINUX","Kali_Linux","02_LINUX\Kali_Linux\KALI LINUX.pdf","0.54",".pdf"
"RES-004","Kali_Linux_0_to_Ethical_Hacking_80_Module_Checklist (2)","Kali_Linux_0_to_Ethical_Hacking_80_Module_Checklist (2).pdf","02_LINUX","Kali_Linux","02_LINUX\Kali_Linux\Kali_Linux_0_to_Ethical_Hacking_80_Module_Checklist (2).pdf","0.03",".pdf"
"RES-005","Kali_Linux_to_Ethical_Hacking_Roadmap","Kali_Linux_to_Ethical_Hacking_Roadmap.pdf","02_LINUX","Kali_Linux","02_LINUX\Kali_Linux\Kali_Linux_to_Ethical_Hacking_Roadmap.pdf","0.09",".pdf"
"RES-006","Linux -1","Linux -1.pdf","02_LINUX","Linux_Command_Line","02_LINUX\Linux_Command_Line\Linux -1.pdf","0.15",".pdf"
"RES-007","Linux","Linux.pdf","02_LINUX","Linux_Command_Line","02_LINUX\Linux_Command_Line\Linux.pdf","24.87",".pdf"
"RES-008","Linux-Cheat-sheet","Linux-Cheat-sheet.pdf","02_LINUX","Linux_Command_Line","02_LINUX\Linux_Command_Line\Linux-Cheat-sheet.pdf","5.73",".pdf"
"RES-009","wc","wc.pdf","02_LINUX","Linux_Command_Line","02_LINUX\Linux_Command_Line\wc.pdf","0.23",".pdf"
"RES-010","LINUX FOR CYBER SECURITY","LINUX FOR CYBER SECURITY.pdf","02_LINUX","Linux_Fundamentals","02_LINUX\Linux_Fundamentals\LINUX FOR CYBER SECURITY.pdf","14.9",".pdf"
"RES-011","Linux server Automation","Linux server Automation.pdf","02_LINUX","Linux_Fundamentals","02_LINUX\Linux_Fundamentals\Linux server Automation.pdf","4.3",".pdf"
"RES-012","Linux","Linux.pdf","02_LINUX","Linux_Fundamentals","02_LINUX\Linux_Fundamentals\Linux.pdf","1.56",".pdf"
"RES-013","Linux_Pentesting_Fundamentals","Linux_Pentesting_Fundamentals.pdf","02_LINUX","Linux_Fundamentals","02_LINUX\Linux_Fundamentals\Linux_Pentesting_Fundamentals.pdf","1.99",".pdf"
"RES-014","Basic Git Commands (For managing repositories)","Basic Git Commands (For managing repositories).pdf","03_NETWORKING","Networking_Fundamentals","03_NETWORKING\Networking_Fundamentals\Basic Git Commands (For managing repositories).pdf","0.5",".pdf"
"RES-015","Network_Security_Part3_Cheatsheets","Network_Security_Part3_Cheatsheets.pdf","03_NETWORKING","Networking_Fundamentals","03_NETWORKING\Networking_Fundamentals\Network_Security_Part3_Cheatsheets.pdf","0.01",".pdf"
"RES-016","Network_Security_Starter_Plan_Expanded","Network_Security_Starter_Plan_Expanded.pdf","03_NETWORKING","Networking_Fundamentals","03_NETWORKING\Networking_Fundamentals\Network_Security_Starter_Plan_Expanded.pdf","1.44",".pdf"
"RES-017","Networking Essentials for Cybersecurity","Networking Essentials for Cybersecurity.pdf","03_NETWORKING","Networking_Fundamentals","03_NETWORKING\Networking_Fundamentals\Networking Essentials for Cybersecurity.pdf","6.54",".pdf"
"RES-018","Networking For Beginners","Networking For Beginners.pdf","03_NETWORKING","Networking_Fundamentals","03_NETWORKING\Networking_Fundamentals\Networking For Beginners.pdf","2.98",".pdf"
"RES-019","Networking","Networking.pdf","03_NETWORKING","Networking_Fundamentals","03_NETWORKING\Networking_Fundamentals\Networking.pdf","3.01",".pdf"
"RES-020","OSI-MODEL-Notes-Beginners","OSI-MODEL-Notes-Beginners.pdf","03_NETWORKING","Networking_Fundamentals","03_NETWORKING\Networking_Fundamentals\OSI-MODEL-Notes-Beginners.pdf","18.59",".pdf"
"RES-021","Wireshark ","Wireshark .pdf","03_NETWORKING","Wireshark","03_NETWORKING\Wireshark\Wireshark .pdf","3.48",".pdf"
"RES-022","Wireshark","Wireshark.pdf","03_NETWORKING","Wireshark","03_NETWORKING\Wireshark\Wireshark.pdf","1.62",".pdf"
"RES-023","bug bounty ","bug bounty .pdf","04_WEB_SECURITY","Web_Application_Security","04_WEB_SECURITY\Web_Application_Security\bug bounty .pdf","1.5",".pdf"
"RES-024","bug bounty automation ","bug bounty automation .pdf","04_WEB_SECURITY","Web_Application_Security","04_WEB_SECURITY\Web_Application_Security\bug bounty automation .pdf","1.04",".pdf"
"RES-025","bug bounty hunting guide ","bug bounty hunting guide .pdf","04_WEB_SECURITY","Web_Application_Security","04_WEB_SECURITY\Web_Application_Security\bug bounty hunting guide .pdf","4.37",".pdf"
"RES-026","SQLI","SQLI.pdf","04_WEB_SECURITY","Web_Application_Security","04_WEB_SECURITY\Web_Application_Security\SQLI.pdf","0.73",".pdf"
"RES-027","Coding_for_Cybersecurity_6Week_Plan_2026","Coding_for_Cybersecurity_6Week_Plan_2026.pdf","05_ETHICAL_HACKING","Exploitation_Theory","05_ETHICAL_HACKING\Exploitation_Theory\Coding_for_Cybersecurity_6Week_Plan_2026.pdf","0.01",".pdf"
"RES-028","Cybersecurity_Notes_Cheatsheet_2026","Cybersecurity_Notes_Cheatsheet_2026.pdf","05_ETHICAL_HACKING","Exploitation_Theory","05_ETHICAL_HACKING\Exploitation_Theory\Cybersecurity_Notes_Cheatsheet_2026.pdf","0.01",".pdf"
"RES-029","Cybersecurity_Roadmap_Sudheer","Cybersecurity_Roadmap_Sudheer.pdf","05_ETHICAL_HACKING","Exploitation_Theory","05_ETHICAL_HACKING\Exploitation_Theory\Cybersecurity_Roadmap_Sudheer.pdf","0.01",".pdf"
"RES-030","Cybersecurity_Troubleshooting_Roadmap","Cybersecurity_Troubleshooting_Roadmap.pdf","05_ETHICAL_HACKING","Exploitation_Theory","05_ETHICAL_HACKING\Exploitation_Theory\Cybersecurity_Troubleshooting_Roadmap.pdf","0",".pdf"
"RES-031","HACKING FOR BEGINNER TO EXPERT","HACKING FOR BEGINNER TO EXPERT.pdf","05_ETHICAL_HACKING","Exploitation_Theory","05_ETHICAL_HACKING\Exploitation_Theory\HACKING FOR BEGINNER TO EXPERT.pdf","0.4",".pdf"
"RES-032","Hacking with AI Guide BY SUDHEER & RAJINTH","Hacking with AI Guide BY SUDHEER & RAJINTH.pdf","05_ETHICAL_HACKING","Exploitation_Theory","05_ETHICAL_HACKING\Exploitation_Theory\Hacking with AI Guide BY SUDHEER & RAJINTH.pdf","7.3",".pdf"
"RES-033","Pentesting ","Pentesting .pdf","05_ETHICAL_HACKING","Exploitation_Theory","05_ETHICAL_HACKING\Exploitation_Theory\Pentesting .pdf","40.2",".pdf"
"RES-034","RED TEAM EXPERT","RED TEAM EXPERT.pdf","05_ETHICAL_HACKING","Exploitation_Theory","05_ETHICAL_HACKING\Exploitation_Theory\RED TEAM EXPERT.pdf","7.1",".pdf"
"RES-035","WIFI HACKING NOTES","WIFI HACKING NOTES.pdf","05_ETHICAL_HACKING","Exploitation_Theory","05_ETHICAL_HACKING\Exploitation_Theory\WIFI HACKING NOTES.pdf","1.13",".pdf"
"RES-036","Windows CMD_ Blue & Red Team Cheatsheet","Windows CMD_ Blue & Red Team Cheatsheet.pdf","05_ETHICAL_HACKING","Exploitation_Theory","05_ETHICAL_HACKING\Exploitation_Theory\Windows CMD_ Blue & Red Team Cheatsheet.pdf","0.29",".pdf"
"RES-037","WIRELESS PENETRATION TESTING","WIRELESS PENETRATION TESTING.pdf","05_ETHICAL_HACKING","Exploitation_Theory","05_ETHICAL_HACKING\Exploitation_Theory\WIRELESS PENETRATION TESTING.pdf","1.33",".pdf"
"RES-038","Burp suite ","Burp suite .pdf","06_SECURITY_TOOLS","Burp_Suite","06_SECURITY_TOOLS\Burp_Suite\Burp suite .pdf","3.75",".pdf"
"RES-039","Burpsuite for beginners","Burpsuite for beginners.pdf","06_SECURITY_TOOLS","Burp_Suite","06_SECURITY_TOOLS\Burp_Suite\Burpsuite for beginners.pdf","5.21",".pdf"
"RES-040","Burpsuite","Burpsuite.pdf","06_SECURITY_TOOLS","Burp_Suite","06_SECURITY_TOOLS\Burp_Suite\Burpsuite.pdf","3.75",".pdf"
"RES-041","Hydra_ Pentesting Guide","Hydra_ Pentesting Guide.pdf","06_SECURITY_TOOLS","Hydra","06_SECURITY_TOOLS\Hydra\Hydra_ Pentesting Guide.pdf","2.52",".pdf"
"RES-042","Nmap For Password Cracking","Nmap For Password Cracking.pdf","06_SECURITY_TOOLS","Nmap","06_SECURITY_TOOLS\Nmap\Nmap For Password Cracking.pdf","0.85",".pdf"
"RES-043","Nmap","Nmap.pdf","06_SECURITY_TOOLS","Nmap","06_SECURITY_TOOLS\Nmap\Nmap.pdf","1.36",".pdf"
"RES-044","Nmap_ Host Discovery","Nmap_ Host Discovery.pdf","06_SECURITY_TOOLS","Nmap","06_SECURITY_TOOLS\Nmap\Nmap_ Host Discovery.pdf","1.7",".pdf"
"RES-045","Nmap_ Vulnerability Scan Guide","Nmap_ Vulnerability Scan Guide.pdf","06_SECURITY_TOOLS","Nmap","06_SECURITY_TOOLS\Nmap\Nmap_ Vulnerability Scan Guide.pdf","2.97",".pdf"
"RES-046","Nmap_2","Nmap_2.pdf","06_SECURITY_TOOLS","Nmap","06_SECURITY_TOOLS\Nmap\Nmap_2.pdf","3.05",".pdf"
"RES-047","Nmap-1","Nmap-1.pdf","06_SECURITY_TOOLS","Nmap","06_SECURITY_TOOLS\Nmap\Nmap-1.pdf","0.36",".pdf"
"RES-048","Aircrack ng","Aircrack ng.pdf","06_SECURITY_TOOLS","Other_Tools","06_SECURITY_TOOLS\Other_Tools\Aircrack ng.pdf","0.52",".pdf"
"RES-049","Aircrack-ng","Aircrack-ng.pdf","06_SECURITY_TOOLS","Other_Tools","06_SECURITY_TOOLS\Other_Tools\Aircrack-ng.pdf","0.66",".pdf"
"RES-050","DDoS","DDoS.pdf","06_SECURITY_TOOLS","Other_Tools","06_SECURITY_TOOLS\Other_Tools\DDoS.pdf","2.19",".pdf"
"RES-051","Fortigate","Fortigate.pdf","06_SECURITY_TOOLS","Other_Tools","06_SECURITY_TOOLS\Other_Tools\Fortigate.pdf","6.53",".pdf"
"RES-052","John","John.pdf","06_SECURITY_TOOLS","Other_Tools","06_SECURITY_TOOLS\Other_Tools\John.pdf","1.53",".pdf"
"RES-053","Medusa -1","Medusa -1.pdf","06_SECURITY_TOOLS","Other_Tools","06_SECURITY_TOOLS\Other_Tools\Medusa -1.pdf","2.24",".pdf"
"RES-054","Medusa","Medusa.pdf","06_SECURITY_TOOLS","Other_Tools","06_SECURITY_TOOLS\Other_Tools\Medusa.pdf","2.74",".pdf"
"RES-055","Owasp zap","Owasp zap.pdf","06_SECURITY_TOOLS","Other_Tools","06_SECURITY_TOOLS\Other_Tools\Owasp zap.pdf","3.74",".pdf"
"RES-056","Phishing Attack_ Pentesting Guide","Phishing Attack_ Pentesting Guide.pdf","06_SECURITY_TOOLS","Other_Tools","06_SECURITY_TOOLS\Other_Tools\Phishing Attack_ Pentesting Guide.pdf","1.62",".pdf"
"RES-057","PYTHON INSTALLATION","PYTHON INSTALLATION.pdf","06_SECURITY_TOOLS","Other_Tools","06_SECURITY_TOOLS\Other_Tools\PYTHON INSTALLATION.pdf","0.78",".pdf"
"RES-058","Tools","Tools.pdf","06_SECURITY_TOOLS","Other_Tools","06_SECURITY_TOOLS\Other_Tools\Tools.pdf","0.29",".pdf"
"RES-059","How-to-Triage_SecurityAlerts-as-SOCAnalyst","How-to-Triage_SecurityAlerts-as-SOCAnalyst.pdf","07_SOC_ANALYST","Alert_Triage","07_SOC_ANALYST\Alert_Triage\How-to-Triage_SecurityAlerts-as-SOCAnalyst.pdf","19.47",".pdf"
"RES-060","SocL1 Triage in movie-style ","SocL1 Triage in movie-style .pdf","07_SOC_ANALYST","Alert_Triage","07_SOC_ANALYST\Alert_Triage\SocL1 Triage in movie-style .pdf","23.29",".pdf"
"RES-061","100 SOC INVESTIGATION","100 SOC INVESTIGATION.pdf","07_SOC_ANALYST","Incident_Response","07_SOC_ANALYST\Incident_Response\100 SOC INVESTIGATION.pdf","1.21",".pdf"
"RES-062","Investigation-timeline-SocNotes","Investigation-timeline-SocNotes.pdf","07_SOC_ANALYST","Incident_Response","07_SOC_ANALYST\Incident_Response\Investigation-timeline-SocNotes.pdf","8.28",".pdf"
"RES-063","Spl_Queries_Top_for_SocAnalysts_Notes","Spl_Queries_Top_for_SocAnalysts_Notes.pdf","07_SOC_ANALYST","Log_Analysis","07_SOC_ANALYST\Log_Analysis\Spl_Queries_Top_for_SocAnalysts_Notes.pdf","12.54",".pdf"
"RES-064","A Day in SOC L1","A Day in SOC L1.pdf","07_SOC_ANALYST","SOC_Fundamentals","07_SOC_ANALYST\SOC_Fundamentals\A Day in SOC L1.pdf","1.38",".pdf"
"RES-065","Attacks in SOC","Attacks in SOC.pdf","07_SOC_ANALYST","SOC_Fundamentals","07_SOC_ANALYST\SOC_Fundamentals\Attacks in SOC.pdf","0.57",".pdf"
"RES-066","Blue Team Handbook SOC","Blue Team Handbook SOC.pdf","07_SOC_ANALYST","SOC_Fundamentals","07_SOC_ANALYST\SOC_Fundamentals\Blue Team Handbook SOC.pdf","2.1",".pdf"
"RES-067","Firewall_and_Network_Security_in_SOC","Firewall_and_Network_Security_in_SOC.pdf","07_SOC_ANALYST","SOC_Fundamentals","07_SOC_ANALYST\SOC_Fundamentals\Firewall_and_Network_Security_in_SOC.pdf","0.61",".pdf"
"RES-068","LinuxNotes-For-SocAnalyst","LinuxNotes-For-SocAnalyst.pdf","07_SOC_ANALYST","SOC_Fundamentals","07_SOC_ANALYST\SOC_Fundamentals\LinuxNotes-For-SocAnalyst.pdf","7.12",".pdf"
"RES-069","SOAR & EDRpdf","SOAR & EDRpdf.pdf","07_SOC_ANALYST","SOC_Fundamentals","07_SOC_ANALYST\SOC_Fundamentals\SOAR & EDRpdf.pdf","1.4",".pdf"
"RES-070","SOC Analyst complete learning and tools handbook","SOC Analyst complete learning and tools handbook.pdf","07_SOC_ANALYST","SOC_Fundamentals","07_SOC_ANALYST\SOC_Fundamentals\SOC Analyst complete learning and tools handbook.pdf","0.07",".pdf"
"RES-071","SOC fundamentals ","SOC fundamentals .pdf","07_SOC_ANALYST","SOC_Fundamentals","07_SOC_ANALYST\SOC_Fundamentals\SOC fundamentals .pdf","0.97",".pdf"
"RES-072","SOC-1","SOC-1.pdf","07_SOC_ANALYST","SOC_Fundamentals","07_SOC_ANALYST\SOC_Fundamentals\SOC-1.pdf","4.87",".pdf"
"RES-073","SocAnalyst-15days_Notes","SocAnalyst-15days_Notes.pdf","07_SOC_ANALYST","SOC_Fundamentals","07_SOC_ANALYST\SOC_Fundamentals\SocAnalyst-15days_Notes.pdf","12.72",".pdf"
"RES-074","SocAnalyst-Toolkit-Notes","SocAnalyst-Toolkit-Notes.pdf","07_SOC_ANALYST","SOC_Fundamentals","07_SOC_ANALYST\SOC_Fundamentals\SocAnalyst-Toolkit-Notes.pdf","9.86",".pdf"
"RES-075","Windows-fundamentals-SOCNeeds ","Windows-fundamentals-SOCNeeds .pdf","07_SOC_ANALYST","SOC_Fundamentals","07_SOC_ANALYST\SOC_Fundamentals\Windows-fundamentals-SOCNeeds .pdf","9.1",".pdf"
"RES-076","Command&Control(c2)Traffic-SocNotes","Command&Control(c2)Traffic-SocNotes.pdf","07_SOC_ANALYST","Threat_Detection","07_SOC_ANALYST\Threat_Detection\Command&Control(c2)Traffic-SocNotes.pdf","9.62",".pdf"
"RES-077","Endpoint Detection and Response (EDR)Tools","Endpoint Detection and Response (EDR)Tools.pdf","07_SOC_ANALYST","Threat_Detection","07_SOC_ANALYST\Threat_Detection\Endpoint Detection and Response (EDR)Tools.pdf","0.31",".pdf"
"RES-078","LateralMovement-Detection- Soc-Notes","LateralMovement-Detection- Soc-Notes.pdf","07_SOC_ANALYST","Threat_Detection","07_SOC_ANALYST\Threat_Detection\LateralMovement-Detection- Soc-Notes.pdf","8.47",".pdf"
"RES-079","microsoft Sentinel zero to hero notes","microsoft Sentinel zero to hero notes.pdf","08_SIEM_DETECTION","SIEM_Fundamentals","08_SIEM_DETECTION\SIEM_Fundamentals\microsoft Sentinel zero to hero notes.pdf","18.07",".pdf"
"RES-080","SIEM FOR BEGINNERS","SIEM FOR BEGINNERS.pdf","08_SIEM_DETECTION","SIEM_Fundamentals","08_SIEM_DETECTION\SIEM_Fundamentals\SIEM FOR BEGINNERS.pdf","0.43",".pdf"
"RES-081","Splunk Queries for SOC Analyst","Splunk Queries for SOC Analyst.pdf","08_SIEM_DETECTION","Splunk","08_SIEM_DETECTION\Splunk\Splunk Queries for SOC Analyst.pdf","0.17",".pdf"
"RES-082","Splunk_LogAnalysis_Projects","Splunk_LogAnalysis_Projects.pdf","08_SIEM_DETECTION","Splunk","08_SIEM_DETECTION\Splunk\Splunk_LogAnalysis_Projects.pdf","16.08",".pdf"
"RES-083","Autopsy","Autopsy.pdf","10_DIGITAL_FORENSICS_DFIR","Digital_Forensics","10_DIGITAL_FORENSICS_DFIR\Digital_Forensics\Autopsy.pdf","3.41",".pdf"
"RES-084","Digital_Forensics-Notes","Digital_Forensics-Notes.pdf","10_DIGITAL_FORENSICS_DFIR","Digital_Forensics","10_DIGITAL_FORENSICS_DFIR\Digital_Forensics\Digital_Forensics-Notes.pdf","10.43",".pdf"
"RES-085","Malware_Analysis-Home_Lab-Notes","Malware_Analysis-Home_Lab-Notes.pdf","11_MALWARE_ANALYSIS","Static_Analysis","11_MALWARE_ANALYSIS\Static_Analysis\Malware_Analysis-Home_Lab-Notes.pdf","11.98",".pdf"
"RES-086","Malware-investigation-Soc_Notes","Malware-investigation-Soc_Notes.pdf","11_MALWARE_ANALYSIS","Static_Analysis","11_MALWARE_ANALYSIS\Static_Analysis\Malware-investigation-Soc_Notes.pdf","10.32",".pdf"
"RES-087","IOC&IOA-SocNotes","IOC&IOA-SocNotes.pdf","12_THREAT_INTELLIGENCE","IOC_Analysis","12_THREAT_INTELLIGENCE\IOC_Analysis\IOC&IOA-SocNotes.pdf","10.44",".pdf"
"RES-088","OSINT-TOOLKIT-SOC_NOTES","OSINT-TOOLKIT-SOC_NOTES.pdf","12_THREAT_INTELLIGENCE","IOC_Analysis","12_THREAT_INTELLIGENCE\IOC_Analysis\OSINT-TOOLKIT-SOC_NOTES.pdf","12.48",".pdf"
"RES-089","CyberKillChain-SocNotes","CyberKillChain-SocNotes.pdf","12_THREAT_INTELLIGENCE","MITRE_ATTACK","12_THREAT_INTELLIGENCE\MITRE_ATTACK\CyberKillChain-SocNotes.pdf","9.14",".pdf"
"RES-090","MITRE_att&ck_for-Soc_Analyst-Notes","MITRE_att&ck_for-Soc_Analyst-Notes.pdf","12_THREAT_INTELLIGENCE","MITRE_ATTACK","12_THREAT_INTELLIGENCE\MITRE_ATTACK\MITRE_att&ck_for-Soc_Analyst-Notes.pdf","9.03",".pdf"
"RES-091","Cloud-Security_Notes","Cloud-Security_Notes.pdf","13_CLOUD_SECURITY","Cloud_Defense","13_CLOUD_SECURITY\Cloud_Defense\Cloud-Security_Notes.pdf","9.37",".pdf"
"RES-092","Cloud-Security-Projects","Cloud-Security-Projects.pdf","13_CLOUD_SECURITY","Cloud_Defense","13_CLOUD_SECURITY\Cloud_Defense\Cloud-Security-Projects.pdf","18.58",".pdf"
"RES-093","Tryhackme","Tryhackme.pdf","14_PRACTICAL_LABS","CTF_Labs","14_PRACTICAL_LABS\CTF_Labs\Tryhackme.pdf","0.4",".pdf"
"RES-094","SOC_Analyst_Projects_and_Certifications_Guide","SOC_Analyst_Projects_and_Certifications_Guide.pdf","16_CAREER_SOC_RESOURCES","Certifications","16_CAREER_SOC_RESOURCES\Certifications\SOC_Analyst_Projects_and_Certifications_Guide.pdf","0.01",".pdf"
"RES-095","Cybersecurity_Career_Roadmap","Cybersecurity_Career_Roadmap.pdf","16_CAREER_SOC_RESOURCES","Cybersecurity_Careers","16_CAREER_SOC_RESOURCES\Cybersecurity_Careers\Cybersecurity_Career_Roadmap.pdf","0",".pdf"
"RES-096","Cybersecurity_Career_Roadmap_2026","Cybersecurity_Career_Roadmap_2026.pdf","16_CAREER_SOC_RESOURCES","Cybersecurity_Careers","16_CAREER_SOC_RESOURCES\Cybersecurity_Careers\Cybersecurity_Career_Roadmap_2026.pdf","0.01",".pdf"
"RES-097","KaliLinux Carrier Guide","KaliLinux Carrier Guide.pdf","16_CAREER_SOC_RESOURCES","Cybersecurity_Careers","16_CAREER_SOC_RESOURCES\Cybersecurity_Careers\KaliLinux Carrier Guide.pdf","54.37",".pdf"
"RES-098","SOC ANALYST CARRIER GUIDE","SOC ANALYST CARRIER GUIDE.pdf","16_CAREER_SOC_RESOURCES","Cybersecurity_Careers","16_CAREER_SOC_RESOURCES\Cybersecurity_Careers\SOC ANALYST CARRIER GUIDE.pdf","27.88",".pdf"
"RES-099","ThePlacementFormulaCWS","ThePlacementFormulaCWS.pdf","16_CAREER_SOC_RESOURCES","Cybersecurity_Careers","16_CAREER_SOC_RESOURCES\Cybersecurity_Careers\ThePlacementFormulaCWS.pdf","0.15",".pdf"
"RES-100","Linux ","Linux .pdf","16_CAREER_SOC_RESOURCES","Interview_Preparation","16_CAREER_SOC_RESOURCES\Interview_Preparation\Linux .pdf","0.53",".pdf"
"RES-101","SOC (2)","SOC (2).pdf","16_CAREER_SOC_RESOURCES","Interview_Preparation","16_CAREER_SOC_RESOURCES\Interview_Preparation\SOC (2).pdf","1.86",".pdf"
"RES-102","SOC analyst tier 1 - candidate interview form","SOC analyst tier 1 - candidate interview form.pdf","16_CAREER_SOC_RESOURCES","Interview_Preparation","16_CAREER_SOC_RESOURCES\Interview_Preparation\SOC analyst tier 1 - candidate interview form.pdf","0.15",".pdf"
"RES-103","SOC interview questions ","SOC interview questions .pdf","16_CAREER_SOC_RESOURCES","Interview_Preparation","16_CAREER_SOC_RESOURCES\Interview_Preparation\SOC interview questions .pdf","1.86",".pdf"
"RES-104","SOC TIER 1 – Technical Interview Preparation _Guide","SOC TIER 1 – Technical Interview Preparation _Guide.pdf","16_CAREER_SOC_RESOURCES","Interview_Preparation","16_CAREER_SOC_RESOURCES\Interview_Preparation\SOC TIER 1 – Technical Interview Preparation _Guide.pdf","3.93",".pdf"
"RES-105","SOC","SOC.pdf","16_CAREER_SOC_RESOURCES","Interview_Preparation","16_CAREER_SOC_RESOURCES\Interview_Preparation\SOC.pdf","0.11",".pdf"
"RES-106","SOC-3","SOC-3.pdf","16_CAREER_SOC_RESOURCES","Interview_Preparation","16_CAREER_SOC_RESOURCES\Interview_Preparation\SOC-3.pdf","1.1",".pdf"
"RES-107","Cybersecurity Resources!","Cybersecurity Resources!.pdf","17_TRUSTED_FREE_RESOURCES","Official_Documentation","17_TRUSTED_FREE_RESOURCES\Official_Documentation\Cybersecurity Resources!.pdf","2.79",".pdf"
"RES-108","AI-for-Blueteamers","AI-for-Blueteamers.pdf","18_REFERENCE_MATERIAL","Other_References","18_REFERENCE_MATERIAL\Other_References\AI-for-Blueteamers.pdf","6.35",".pdf"
"RES-109","Bugtrace_Ai_for_BUGHunters","Bugtrace_Ai_for_BUGHunters.pdf","18_REFERENCE_MATERIAL","Other_References","18_REFERENCE_MATERIAL\Other_References\Bugtrace_Ai_for_BUGHunters.pdf","5.56",".pdf"
"RES-110","Cybersecurity_Notes-1","Cybersecurity_Notes-1.pdf","18_REFERENCE_MATERIAL","Other_References","18_REFERENCE_MATERIAL\Other_References\Cybersecurity_Notes-1.pdf","0.09",".pdf"
"RES-111","IDS & IPS for Blueteamers ","IDS & IPS for Blueteamers .pdf","18_REFERENCE_MATERIAL","Other_References","18_REFERENCE_MATERIAL\Other_References\IDS & IPS for Blueteamers .pdf","11.01",".pdf"
"RES-112","Pentration","Pentration.pdf","18_REFERENCE_MATERIAL","Other_References","18_REFERENCE_MATERIAL\Other_References\Pentration.pdf","0.12",".pdf"
"RES-113","Security = Awareness + Practice","Security = Awareness + Practice.pdf","18_REFERENCE_MATERIAL","Other_References","18_REFERENCE_MATERIAL\Other_References\Security = Awareness + Practice.pdf","19.35",".pdf"
"RES-114","SQL_Injection_Complete_Guide_With_Practical","SQL_Injection_Complete_Guide_With_Practical.pdf","18_REFERENCE_MATERIAL","Other_References","18_REFERENCE_MATERIAL\Other_References\SQL_Injection_Complete_Guide_With_Practical.pdf","1.08",".pdf"
"RES-115","The Hacker’s Underground Handbook","The Hacker’s Underground Handbook.pdf","18_REFERENCE_MATERIAL","Other_References","18_REFERENCE_MATERIAL\Other_References\The Hacker’s Underground Handbook.pdf","2.73",".pdf"
